<?xml version="1.0" encoding="UTF-8"?>
<project-private xmlns="http://www.netbeans.org/ns/project-private/1">
    <editor-bookmarks xmlns="http://www.netbeans.org/ns/editor-bookmarks/1"/>
    <editor-bookmarks xmlns="http://www.netbeans.org/ns/editor-bookmarks/2" lastBookmarkId="0"/>
    <open-files xmlns="http://www.netbeans.org/ns/projectui-open-files/1">
        <file>file:/C:/Documents%20and%20Settings/fernando.arnedo/Mis%20documentos/Dropbox/DAM_12_13/Tareas/PMDM/6/Tarea_6/src/tarea_6/ejercicio6.java</file>
        <file>file:/C:/Documents%20and%20Settings/fernando.arnedo/Mis%20documentos/Dropbox/DAM_12_13/Tareas/PMDM/6/Tarea_6/src/tarea_6/Tarea.java</file>
        <file>file:/C:/Documents%20and%20Settings/fernando.arnedo/Mis%20documentos/Dropbox/DAM_12_13/Tareas/PMDM/6/Tarea_6/src/tarea_6/Personaje.java</file>
    </open-files>
</project-private>
