<?xml version="1.0" encoding="UTF-8"?>
<project-private xmlns="http://www.netbeans.org/ns/project-private/1">
    <editor-bookmarks xmlns="http://www.netbeans.org/ns/editor-bookmarks/1"/>
    <editor-bookmarks xmlns="http://www.netbeans.org/ns/editor-bookmarks/2" lastBookmarkId="0"/>
    <open-files xmlns="http://www.netbeans.org/ns/projectui-open-files/1">
        <file>file:/C:/Users/Fernampa/Dropbox/DAM_12_13/Tareas/PMDM/3/MidletMensajero/src/datos/datos.txt</file>
        <file>file:/C:/Users/Fernampa/Dropbox/DAM_12_13/Tareas/PMDM/3/MidletMensajero/src/MidletMensajero/MidletMensajero.java</file>
        <file>file:/C:/Users/Fernampa/Dropbox/DAM_12_13/Tareas/PMDM/3/MidletMensajero/src/MidletMensajero/Util.java</file>
        <file>file:/C:/Users/Fernampa/Dropbox/DAM_12_13/Tareas/PMDM/3/MidletMensajero/src/MidletMensajero/Cliente.java</file>
    </open-files>
</project-private>
